{"AAPL": "{\"date\":{\"0\":1650240000000,\"1\":1650326400000,\"2\":1650412800000,\"3\":1650499200000,\"4\":1650585600000},\"text_blob\":{\"0\":0.0,\"1\":0.0,\"2\":0.1578947368,\"3\":0.1,\"4\":0.137254902},\"vader_sentiment\":{\"0\":0.0357142857,\"1\":-0.05,\"2\":0.0526315789,\"3\":0.08,\"4\":0.137254902},\"Adj Close\":{\"0\":0.3333333333,\"1\":0.5,\"2\":0.5,\"3\":0.4166666667,\"4\":0.0}}"}